<?xml version="1.0" encoding="UTF-8" ?>
<XMLDB PATH="question/type/ddmarker/db" VERSION="20130530" COMMENT="XMLDB file for Moodle question/type/ddmarker"
    xmlns:xsi="http://www.w3.org/2001/XMLSchema-instance"
    xsi:noNamespaceSchemaLocation="../../../../lib/xmldb/xmldb.xsd"
>
  <TABLES>
    <TABLE NAME="qtype_ddmarker" COMMENT="Defines drag and drop (text or images onto a background image) questions">
      <FIELDS>
        <FIELD NAME="id" TYPE="int" LENGTH="10" NOTNULL="true" SEQUENCE="true"/>
        <FIELD NAME="questionid" TYPE="int" LENGTH="10" NOTNULL="true" DEFAULT="0" SEQUENCE="false"/>
        <FIELD NAME="shuffleanswers" TYPE="int" LENGTH="4" NOTNULL="true" DEFAULT="1" SEQUENCE="false"/>
        <FIELD NAME="correctfeedback" TYPE="text" NOTNULL="true" SEQUENCE="false" COMMENT="Feedback shown for any correct response."/>
        <FIELD NAME="correctfeedbackformat" TYPE="int" LENGTH="2" NOTNULL="true" DEFAULT="0" SEQUENCE="false"/>
        <FIELD NAME="partiallycorrectfeedback" TYPE="text" NOTNULL="true" SEQUENCE="false" COMMENT="Feedback shown for any partially correct response."/>
        <FIELD NAME="partiallycorrectfeedbackformat" TYPE="int" LENGTH="2" NOTNULL="true" DEFAULT="0" SEQUENCE="false"/>
        <FIELD NAME="incorrectfeedback" TYPE="text" NOTNULL="true" SEQUENCE="false" COMMENT="Feedback shown for any incorrect response."/>
        <FIELD NAME="incorrectfeedbackformat" TYPE="int" LENGTH="2" NOTNULL="true" DEFAULT="0" SEQUENCE="false"/>
        <FIELD NAME="shownumcorrect" TYPE="int" LENGTH="2" NOTNULL="true" DEFAULT="0" SEQUENCE="false"/>
        <FIELD NAME="showmisplaced" TYPE="int" LENGTH="4" NOTNULL="true" DEFAULT="0" SEQUENCE="false"/>
      </FIELDS>
      <KEYS>
        <KEY NAME="primary" TYPE="primary" FIELDS="id"/>
        <KEY NAME="questionid" TYPE="foreign" FIELDS="questionid" REFTABLE="question" REFFIELDS="id"/>
      </KEYS>
    </TABLE>
    <TABLE NAME="qtype_ddmarker_drops" COMMENT="drop regions">
      <FIELDS>
        <FIELD NAME="id" TYPE="int" LENGTH="10" NOTNULL="true" SEQUENCE="true"/>
        <FIELD NAME="questionid" TYPE="int" LENGTH="10" NOTNULL="true" DEFAULT="0" SEQUENCE="false"/>
        <FIELD NAME="no" TYPE="int" LENGTH="10" NOTNULL="true" DEFAULT="0" SEQUENCE="false" COMMENT="drop number"/>
        <FIELD NAME="shape" TYPE="char" LENGTH="255" NOTNULL="false" SEQUENCE="false" COMMENT="circle, rectangle, polygon"/>
        <FIELD NAME="coords" TYPE="text" NOTNULL="true" SEQUENCE="false"/>
        <FIELD NAME="choice" TYPE="int" LENGTH="10" NOTNULL="true" DEFAULT="0" SEQUENCE="false"/>
      </FIELDS>
      <KEYS>
        <KEY NAME="primary" TYPE="primary" FIELDS="id"/>
        <KEY NAME="questionid" TYPE="foreign" FIELDS="questionid" REFTABLE="question" REFFIELDS="id"/>
      </KEYS>
    </TABLE>
    <TABLE NAME="qtype_ddmarker_drags" COMMENT="Labels for markers to drag.">
      <FIELDS>
        <FIELD NAME="id" TYPE="int" LENGTH="10" NOTNULL="true" SEQUENCE="true"/>
        <FIELD NAME="questionid" TYPE="int" LENGTH="10" NOTNULL="true" DEFAULT="0" SEQUENCE="false"/>
        <FIELD NAME="no" TYPE="int" LENGTH="10" NOTNULL="true" DEFAULT="0" SEQUENCE="false" COMMENT="drag no"/>
        <FIELD NAME="label" TYPE="text" NOTNULL="true" SEQUENCE="false" COMMENT="Alt text label for drag-able image."/>
        <FIELD NAME="infinite" TYPE="int" LENGTH="4" NOTNULL="true" DEFAULT="0" SEQUENCE="false"/>
        <FIELD NAME="noofdrags" TYPE="int" LENGTH="10" NOTNULL="true" DEFAULT="1" SEQUENCE="false" COMMENT="No of drag items, ignored if drag is infinite."/>
      </FIELDS>
      <KEYS>
        <KEY NAME="primary" TYPE="primary" FIELDS="id"/>
        <KEY NAME="questionid" TYPE="foreign" FIELDS="questionid" REFTABLE="question" REFFIELDS="id"/>
      </KEYS>
    </TABLE>
  </TABLES>
</XMLDB>